,chr,start,end,size,mean_cov,max_cov,mean_rm,mean_zscore,max_zscore,log2_ratio
0,contig_1,74016,74129,113,61.0,61.0,46.0,4.098887895405015,4.098887895405016,0.4071753815058733
1,contig_1,87452,90793,3341,29.374438790781202,32.0,43.279257707273274,-4.083682094208325,-5.606525369588737,-0.5591144666417455
2,contig_1,212179,212627,448,51.54017857142857,52.0,39.0,4.041461327389503,4.190468490181126,0.40222341174162496
3,contig_1,226655,229120,2465,63.85922920892495,67.0,47.0,4.511144043288057,5.355685419460138,0.44223438266372866
4,contig_1,229741,230795,1054,65.69070208728652,68.0,48.260910815939276,4.54280198702677,5.243645330106388,0.44483404139864097
5,contig_1,237656,237657,1,34.0,34.0,52.0,-4.396973435363304,-4.396973435363304,-0.6129768768907528
6,contig_1,289692,289733,41,60.926829268292686,61.0,46.0,4.07878483801514,4.098887895405016,0.4054438009328608
7,contig_1,298407,302115,3708,29.426914778856528,32.0,39.0,-3.124439374608867,-4.5590006415056505,-0.4063378309852823
8,contig_1,348138,350625,2487,33.97788500201045,37.0,47.70647366304785,-3.657991576891018,-5.551417279127532,-0.48958899717051424
9,contig_1,356489,359652,3163,53.69111602908631,57.0,39.0,4.738482101091919,5.810740551604604,0.46120926924344613
10,contig_1,364365,364366,1,29.0,29.0,44.0,-4.330689578305071,-4.330689578305071,-0.6014506235097252
11,contig_1,365954,365955,1,30.0,30.0,44.0,-4.0434595310527275,-4.0434595310527275,-0.5525410230287788
12,contig_1,416725,417255,530,31.49622641509434,32.0,43.0,-3.4033108447850196,-4.430886106416352,-0.4491576711497811
13,contig_1,457741,458584,843,20.294187425860024,21.0,29.0,-3.8162085974430875,-4.38021200024513,-0.5149863241933207
14,contig_1,530114,530115,1,25.0,25.0,37.0,-4.12108927355336,-4.12108927355336,-0.5655971758542251
15,contig_1,539851,542698,2847,23.129610115911486,26.0,34.59747102212856,-4.2116129686149835,-5.438576903421254,-0.580925637362714
16,contig_1,615430,615632,202,25.099009900990097,26.0,36.0,-3.8491289710305145,-4.937064122504462,-0.5203664523034044
17,contig_1,640704,641879,1175,43.09531914893617,44.0,32.0,4.359761065194646,4.717056910143757,0.4294592726159225
18,contig_1,644732,644843,111,42.98198198198198,43.0,32.0,4.314999535442562,4.322115595171785,0.42566010463419895
19,contig_1,653103,653104,1,20.0,20.0,30.0,-4.234946229220956,-4.234946229220956,-0.5849625007211563
20,contig_1,676126,679439,3313,53.79776637488681,58.0,37.637790522185334,5.409306539008523,6.629404330008047,0.5153643358808553
21,contig_1,685842,685843,1,26.0,26.0,40.0,-4.445581597206008,-4.445581597206008,-0.6214883767462701
22,contig_1,731571,733846,2275,30.414505494505494,34.0,40.46065934065934,-3.162312575245208,-4.9541889491699145,-0.41176028221413935
23,contig_1,749066,749067,1,30.0,30.0,47.0,-4.593474515152959,-4.593474515152959,-0.6476982560691188
24,contig_1,749115,749116,1,27.0,27.0,47.0,-5.400163158499967,-5.400163158499967,-0.7997013495141687
25,contig_1,755696,755873,177,55.98870056497175,56.0,42.0,4.1870684035308425,4.190468490181126,0.41474636921209274
26,contig_1,766460,767024,564,28.75531914893617,30.0,40.530141843971634,-3.6929727921104822,-4.3376951892136635,-0.4951663744463039
27,contig_1,816873,821890,5017,28.327885190352802,32.0,43.0,-4.334517430518477,-6.194345001174928,-0.6021137580378094
28,contig_1,1008641,1009192,551,48.53539019963702,49.0,37.0,3.917914362185558,4.076611534513532,0.3915118197841118
29,contig_1,1013908,1013909,1,24.0,24.0,39.0,-4.883055053790346,-4.883055053790346,-0.7004397181410921
30,contig_1,1086116,1091440,5324,32.928812922614576,36.0,43.0,-2.9822596082520727,-5.900435185381833,-0.3849861558233523
31,contig_1,1203111,1203141,30,33.53333333333333,34.0,41.0,-2.323815573356582,-4.3376951892136635,-0.2900280104210752
32,contig_1,1222681,1222682,1,32.0,32.0,48.0,-4.234946229220956,-4.234946229220956,-0.5849625007211563
33,contig_1,1235384,1235385,1,33.0,33.0,49.0,-4.148972609635221,-4.148972609635221,-0.5703157247567548
34,contig_1,1244042,1245771,1729,61.40543666859456,63.0,45.0,4.585181383339928,5.0330099621213344,0.44844139206179245
35,contig_1,1246720,1247135,415,59.966265060240964,60.0,45.0,4.1809941282476615,4.190468490181126,0.4142261173198662
36,contig_1,1259871,1264262,4391,26.73582327488044,29.0,37.0,-3.5281826125888314,-5.145801874561721,-0.4687511684841965
37,contig_1,1406421,1406422,1,28.0,28.0,43.0,-4.430886106416352,-4.430886106416352,-0.6189098326444937
38,contig_1,1406906,1406907,1,30.0,30.0,44.0,-4.0434595310527275,-4.0434595310527275,-0.5525410230287788
39,contig_1,1484996,1487250,2254,36.19432120674357,39.0,49.77950310559006,-3.4711536580779647,-5.438576903421254,-0.4597884695137862
40,contig_1,1509096,1509097,1,33.0,33.0,51.0,-4.482752544497488,-4.482752544497488,-0.6280312226130421
41,contig_1,1541252,1541253,1,32.0,32.0,47.0,-4.055682086254954,-4.055682086254954,-0.5545888516776374
42,contig_1,1550873,1550874,1,33.0,33.0,50.0,-4.319200376414976,-4.319200376414976,-0.5994620704162712
43,contig_1,1558678,1560313,1635,71.42140672782875,74.0,54.94128440366973,3.771363307870517,4.4245077879422965,0.37846591199021323
44,contig_1,1599911,1600239,328,29.853658536585368,31.0,45.0,-4.276045813218039,-5.077487701161164,-0.5920172582551065
45,contig_1,1605865,1607872,2007,25.244145490782262,31.0,45.0,-5.5706144487308835,-7.043417802354984,-0.83397615816205
46,contig_1,1721040,1722139,1099,43.00090991810737,45.0,60.0,-3.6028484643304175,-4.234946229220956,-0.48059531252381593
47,contig_1,1788621,1789175,554,89.20036101083032,91.0,68.0,3.9179486389496705,4.252420069000259,0.3915148026557047
48,contig_1,1797833,1797834,1,44.0,44.0,65.0,-4.105324464307077,-4.105324464307077,-0.5629361943911572
49,contig_1,1822950,1828807,5857,16.140515622332252,21.0,30.0,-5.860834053466168,-8.447653588921998,-0.8942758332641025
50,contig_1,1882732,1886555,3823,29.199843055192257,33.0,42.0,-3.873904252857055,-5.438576903421254,-0.5244287130362534
51,contig_1,1902057,1902161,104,99.33653846153847,100.0,75.0,4.078669717942907,4.190468490181126,0.40543387905688594
52,contig_1,1944722,1944723,1,45.0,45.0,69.0,-4.418107418773175,-4.418107418773175,-0.6166713604484944
53,contig_1,1983581,1983582,1,43.0,43.0,64.0,-4.169122676725627,-4.169122676725627,-0.5737352452979021
54,contig_1,2099590,2099591,1,31.0,31.0,48.0,-4.49824043920227,-4.49824043920227,-0.6307661903342809
55,contig_1,2157792,2157793,1,26.0,26.0,41.0,-4.645942069191789,-4.645942069191789,-0.6571122864769915
56,contig_1,2164187,2168866,4679,59.60525753366104,62.0,43.17268647146826,4.794553432761145,5.9959145014815745,0.4653207214752713
57,contig_1,2172737,2176088,3351,38.10832587287377,42.0,56.35392420173083,-4.110838218343639,-5.077487701161164,-0.5644098449928854
